Site_Code,Date,Species,Sex,AlboCode,Notes
U3,6/9/16,Aedes albopictus,F ,U3_1,missing legs and damaged wing
U3,6/9/16,Aedes albopictus,F ,U3_2,only 1 wing which was already damaged
U3,6/9/16,Culex spp. ,F ,NA,no body
U3,6/9/16,Culex spp. ,NA,NA,ants; no head or legs
U3,6/9/16,Aedes albopictus,F ,U3_4,ants; no head; sex identified by looking at the end of abdomen
U3,6/9/16,Aedes albopictus,F ,U3_3,ants; no head; sex identified by looking at the end of abdomen
U3,6/9/16,Aedes spp.,F ,NA,ants; hollowed out
U3,6/9/16,Aedes albopictus,F ,U3_5,
U3,6/9/16,Aedes spp.,F ,NA,"ants; no head, one leg, one wing"
U3,6/29/16,Aedes albopictus,F ,U3_6,
U3,6/29/16,Aedes albopictus,F ,U3_7,
U3,7/7/16,Aedes albopictus,F ,U3_8,
U3,7/7/16,Aedes albopictus,F ,U3_9,
U3,7/7/16,Aedes albopictus,F ,NA,no wings 
U3,7/7/16,Aedes vexans ,F ,NA,
U3,7/7/16,NA,NA,NA,no body; no wings 
R2,6/9/16,Aedes albopictus,M,NA,
R2,6/9/16,Aedes albopictus,M,NA,
R2,6/22/16,Aedes albopictus,F,R2_1,
R2,6/22/16,Aedes albopictus,F,R2_2,
R2,6/22/16,Aedes albopictus,M,NA,
R2,6/22/16,Aedes albopictus,M,NA,
R2,6/22/16,Aedes albopictus,M,NA,
R2,6/22/16,Culex nigripalpus,F,NA,looks full
R2,6/22/16,Aedes albopictus,M,NA,
R2,6/22/16,Aedes albopictus,M,NA,
R2,6/22/16,Aedes albopictus,F,R2_3,
R2,6/22/16,Aedes albopictus,F,R2_4,blood fed! 
R2,6/22/16,Aedes albopictus,M,NA,
R2,6/22/16,Aedes albopictus,M,NA,
R2,6/22/16,Aedes albopictus,M,NA,
R2,6/22/16,Aedes albopictus,M,NA,
R2,6/29/16,Aedes albopictus,F,R2_5,
R2,6/29/16,Aedes albopictus,M,NA,
R2,6/29/16,Aedes albopictus,M,NA,
R2,6/29/16,Aedes albopictus,F,R2_6,
R2,7/7/16,Aedes albopictus,M,NA,
R2,7/7/16,Aedes albopictus,M,NA,
R2,7/7/16,Aedes albopictus,M,NA,
R2,7/7/16,Aedes albopictus,M,NA,
R2,7/7/16,Aedes albopictus,F,NA,abdomen and wings destroyed
R2,7/7/16,Aedes albopictus,F,NA,no wings 
R2,7/7/16,Aedes albopictus,F,R2_7,
R2,7/14/16,Aedes albopictus,F,R2_8,
R2,7/14/16,Aedes albopictus,F,R2_9,
R2,7/14/16,Aedes albopictus,F,R2_10,
R2,7/14/16,Aedes albopictus,F,R2_11,
R2,7/14/16,Aedes albopictus,F,R2_12,
R2,7/14/16,Aedes albopictus,F,NA,no wings 
R2,7/14/16,Aedes albopictus,F,NA,only head; no wings 
R2,7/14/16,Aedes albopictus,M,NA,only head 
R2,7/14/16,Aedes albopictus,M,NA,only head 
R2,7/14/16,Aedes albopictus,M,NA,
R2,7/14/16,Aedes albopictus,M,NA,
R2,7/14/16,Aedes albopictus,NA,NA,only head 
R2,7/14/16,Aedes albopictus,NA,NA,only head 
R2,7/14/16,Aedes albopictus,NA,NA,only head 
R2,7/14/16,Aedes albopictus,NA,NA,only head 
R2,7/14/16,Aedes albopictus,NA,NA,only head 
R2,7/14/16,Aedes albopictus,NA,NA,only head 
R2,7/14/16,Aedes albopictus,NA,NA,only head 
R2,7/14/16,Aedes albopictus,NA,NA,only head 
R2,7/14/16,Aedes albopictus,NA,NA,only head 
S1,6/22/16,Aedes albopictus,F,S1_1,
S1,6/22/16,Aedes albopictus,F,S1_2,
S1,6/22/16,Toxorhynchites r. septentrionalis,F,NA,
S1,6/29/16,Aedes albopictus,M,NA,only the head 
S1,6/29/16,Aedes albopictus,F,S1_3,
S1,6/29/16,Aedes albopictus,F,S1_4,
S1,7/7/16,Aedes albopictus,F,S1_5,
S1,7/7/16,Aedes albopictus,F,S1_6,
S1,7/7/16,Aedes albopictus,F,S1_7,
S1,7/7/16,Aedes albopictus,F,S1_8,
S1,7/7/16,Aedes albopictus,M,NA,
S1,7/7/16,Aedes albopictus,M,NA,
S1,7/7/16,Aedes albopictus,M,NA,
S1,7/14/16,Aedes albopictus,M,NA,
S1,7/14/16,Aedes albopictus,M,NA,
S1,7/14/16,Aedes albopictus,M,NA,
S1,7/14/16,Aedes albopictus,M,NA,only head 
S1,7/14/16,Aedes albopictus,M,NA,
S1,7/14/16,Aedes albopictus,M,NA,
S1,7/14/16,Aedes albopictus,M,NA,
S1,7/14/16,Aedes albopictus,F,S1_9,
S1,7/14/16,Aedes albopictus,F,S1_10,
S1,7/14/16,Aedes albopictus,F,S1_11,
S1,7/14/16,Aedes albopictus,F,S1_12,
U1,6/11/16,Aedes albopictus,M,NA,
U1,6/11/16,Aedes albopictus,M,NA,
U1,6/11/16,Aedes albopictus,M,NA,very small
U1,6/11/16,Aedes albopictus,F,U1_1,
U1,6/11/16,Aedes albopictus,F,U1_2,
U1,6/11/16,Aedes albopictus,F,U1_3,
U1,6/11/16,Aedes triseriatus,F,NA,
U1,6/11/16,Culex spp.,M,NA,not identifiable
U1,6/24/16,Culex quinquefaciatus,F,NA,blood fed; digested (black) 
U1,6/24/16,Culex spp.,M,NA,
U1,6/24/16,Culex quinquefaciatus,F,NA,
U1,6/24/16,Culex quinquefaciatus,F,NA,full (not blood)
U1,6/24/16,Aedes albopictus,F,U1_4,
U1,6/24/16,Aedes albopictus,M,NA,
U1,6/24/16,Aedes albopictus,M,NA,
U1,6/24/16,Aedes albopictus,M,NA,
U1,6/24/16,Aedes albopictus,M,NA,
U1,6/24/16,Aedes albopictus,M,NA,
U1,6/24/16,Aedes albopictus,F,U1_5,
U1,6/24/16,Aedes albopictus,F,U1_6,
U1,6/24/16,Culex erraticus,F,NA ,
U1,7/1/16,Aedes albopictus,F,U1_7,really dry and flattened; wrinled wings 
U1,7/1/16,Aedes albopictus,F,U1_8,
U1,7/9/16,Aedes albopictus,M,NA,
U1,7/9/16,Aedes albopictus,M,NA,
U1,7/9/16,Aedes albopictus,M,NA,
U1,7/9/16,Aedes albopictus,M,NA,
U1,7/9/16,Aedes albopictus,M,NA,
U1,7/9/16,Aedes albopictus,M,NA,
U1,7/9/16,Aedes albopictus,M,NA,
U1,7/9/16,Aedes albopictus,M,NA,
U1,7/9/16,Aedes albopictus,M,NA,
U1,7/9/16,Aedes albopictus,M,NA,
U1,7/9/16,Aedes albopictus,M,NA,
U1,7/9/16,Aedes albopictus,M,NA,
U1,7/9/16,Aedes albopictus,M,NA,
U1,7/9/16,Aedes albopictus,M,NA,
U1,7/9/16,Aedes albopictus,M,NA,
U1,7/9/16,Aedes albopictus,M,NA,
U1,7/9/16,Aedes albopictus,M,NA,
U1,7/9/16,Aedes albopictus,M,NA,
U1,7/9/16,Aedes albopictus,M,NA,
U1,7/9/16,Aedes albopictus,M,NA,
U1,7/9/16,Aedes albopictus,M,NA,
U1,7/9/16,Aedes albopictus,M,NA,
U1,7/9/16,Aedes albopictus,M,NA,
U1,7/9/16,Aedes albopictus,M,NA,
U1,7/9/16,Aedes albopictus,M,NA,
U1,7/9/16,Aedes albopictus,M,NA,
U1,7/9/16,Aedes albopictus,M,NA,
U1,7/9/16,Aedes albopictus,M,NA,
U1,7/9/16,Aedes albopictus,M,NA,
U1,7/9/16,Aedes albopictus,M,NA,
U1,7/9/16,Aedes albopictus,M,NA,
U1,7/9/16,Aedes albopictus,M,NA,
U1,7/9/16,Aedes albopictus,M,NA,
U1,7/9/16,Aedes albopictus,M,NA,
U1,7/9/16,Aedes albopictus,M,NA,
U1,7/9/16,Aedes albopictus,M,NA,
U1,7/9/16,Aedes albopictus,M,NA,
U1,7/9/16,Aedes albopictus,M,NA,
U1,7/9/16,Aedes albopictus,M,NA,
U1,7/9/16,Aedes albopictus,M,NA,
U1,7/9/16,Aedes albopictus,M,NA,
U1,7/9/16,Aedes albopictus,M,NA,
U1,7/9/16,Aedes albopictus,M,NA,
U1,7/9/16,Aedes albopictus,M,NA,
U1,7/9/16,Aedes albopictus,M,NA,
U1,7/9/16,Aedes albopictus,M,NA,
U1,7/9/16,Aedes albopictus,M,NA,
U1,7/9/16,Aedes albopictus,M,NA,
U1,7/9/16,Aedes albopictus,M,NA,
U1,7/9/16,Aedes albopictus,M,NA,
U1,7/9/16,Aedes albopictus,M,NA,
U1,7/9/16,Aedes albopictus,M,NA,
U1,7/9/16,Aedes albopictus,M,NA,
U1,7/9/16,Aedes albopictus,M,NA,
U1,7/9/16,Aedes albopictus,M,NA,
U1,7/9/16,Aedes albopictus,M,NA,
U1,7/9/16,Aedes albopictus,M,NA,
U1,7/9/16,Aedes albopictus,M,NA,
U1,7/9/16,Aedes albopictus,M,NA,
U1,7/9/16,Aedes albopictus,M,NA,
U1,7/9/16,Aedes albopictus,M,NA,
U1,7/9/16,Aedes albopictus,M,NA,
U1,7/9/16,Aedes albopictus,M,NA,
U1,7/9/16,Aedes albopictus,M,NA,
U1,7/9/16,Aedes albopictus,M,NA,
U1,7/9/16,Aedes albopictus,M,NA,
U1,7/9/16,Aedes albopictus,M,NA,
U1,7/9/16,Aedes albopictus,M,NA,
U1,7/9/16,Aedes albopictus,M,NA,
U1,7/9/16,Aedes albopictus,M,NA,
U1,7/9/16,Aedes albopictus,M,NA,
U1,7/9/16,Aedes albopictus,M,NA,
U1,7/9/16,Aedes albopictus,M,NA,
U1,7/9/16,Aedes albopictus,M,NA,
U1,7/9/16,Aedes albopictus,M,NA,
U1,7/9/16,Aedes albopictus,M,NA,
U1,7/9/16,Aedes albopictus,F,U1_9,only one wing
U1,7/9/16,Aedes albopictus,F,U1_10,only one wing 
U1,7/9/16,Aedes albopictus,F,U1_11,
U1,7/9/16,Aedes albopictus,F,U1_12,
U1,7/9/16,Aedes albopictus,F,U1_13,
U1,7/9/16,Aedes albopictus,F,U1_14,
U1,7/9/16,Aedes albopictus,F,U1_15,
U1,7/9/16,Aedes albopictus,F,U1_16,
U1,7/9/16,Aedes albopictus,F,U1_17,hollowed out 
U1,7/9/16,Aedes albopictus,F,U1_18,
U1,7/9/16,Aedes albopictus,F,U1_19,
U1,7/9/16,Aedes albopictus,F,U1_20,
U1,7/9/16,Aedes albopictus,F,U1_21,
U1,7/9/16,Aedes albopictus,F,U1_22,
U1,7/9/16,Aedes albopictus,F,U1_23,
U1,7/9/16,Aedes albopictus,F,U1_24,
U1,7/9/16,Aedes albopictus,F,U1_25,
U1,7/9/16,Aedes albopictus,F,U1_26,
U1,7/9/16,Aedes albopictus,F,U1_27,
U1,7/9/16,Aedes albopictus,F,U1_28,
U1,7/9/16,Aedes albopictus,F,U1_29,
U1,7/9/16,Aedes albopictus,F,U1_30,
U1,7/9/16,Aedes albopictus,F,U1_31,
U1,7/9/16,Aedes albopictus,F,U1_32,
U1,7/9/16,Aedes albopictus,F,U1_33,
U1,7/9/16,Aedes albopictus,F,NA,both wings damaged 
U1,7/9/16,Aedes albopictus,F,NA,both wings damaged 
U1,7/9/16,Aedes albopictus,F,NA,both wings damaged 
U1,7/9/16,Aedes albopictus,F,NA,both wings damaged 
U1,7/9/16,Aedes albopictus,F,NA,both wings damaged 
U1,7/9/16,Aedes albopictus,F,NA,both wings damaged 
U1,7/9/16,Aedes albopictus,F,NA,both wings damaged 
U1,7/9/16,Culex spp.,M,NA,scutum and abdomen damaged 
U1,7/9/16,Culex quinquefaciatus,F,NA,
U1,7/9/16,Culex spp.,M,NA,scutum damaged
U1,7/9/16,?? toxo? ,,,
U1,7/9/16,Aedes albopictus,F,NA,both wings damaged 
U1,7/9/16,Aedes albopictus,F,NA,both wings damaged 
U1,7/9/16,Aedes albopictus,F,NA,both wings damaged 
U1,7/9/16,Aedes albopictus,F,NA,both wings damaged 
U1,7/9/16,Aedes albopictus,F,NA,both wings damaged 
U1,7/9/16,Aedes albopictus,F,NA,both wings damaged 
U1,7/9/16,Aedes albopictus,M,NA,
U1,7/9/16,Aedes albopictus,M,NA,
U1,7/9/16,Aedes albopictus,M,NA,
U1,7/9/16,Aedes albopictus,M,NA,
U1,7/9/16,Aedes albopictus,M,NA,
U1,7/9/16,Aedes albopictus,M,NA,
U1,7/9/16,Aedes albopictus,M,NA,
U1,7/9/16,Aedes albopictus,M,NA,
U1,7/9/16,Aedes albopictus,M,NA,
U1,7/9/16,Aedes albopictus,M,NA,
U1,7/9/16,Aedes albopictus,M,NA,
U1,7/9/16,Aedes albopictus,M,NA,
U1,7/9/16,Aedes albopictus,M,NA,
U1,7/9/16,Aedes albopictus,M,NA,
U1,7/9/16,Aedes albopictus,M,NA,
U1,7/9/16,Aedes albopictus,M,NA,
U1,7/9/16,Aedes albopictus,M,NA,
U1,7/9/16,Aedes albopictus,M,NA,
U1,7/9/16,Aedes albopictus,M,NA,
U1,7/9/16,Aedes albopictus,M,NA,
U1,7/9/16,Aedes albopictus,M,NA,
U1,7/9/16,Aedes albopictus,M,NA,
U1,7/9/16,Aedes albopictus,M,NA,
U1,7/9/16,Aedes albopictus,M,NA,
U1,7/9/16,Aedes albopictus,M,NA,
U1,7/9/16,Aedes albopictus,M,NA,
U1,7/9/16,Aedes albopictus,M,NA,
U1,7/9/16,Aedes albopictus,M,NA,
U1,7/9/16,Aedes albopictus,M,NA,
U1,7/9/16,Aedes albopictus,M,NA,
U1,7/9/16,Aedes albopictus,F,U1_34,
U1,7/9/16,Aedes albopictus,F,U1_35,
U1,7/9/16,Aedes albopictus,F,U1_36,
U1,7/9/16,Aedes albopictus,F,U1_37,
U1,7/9/16,Aedes albopictus,F,U1_38,
U1,7/9/16,Aedes albopictus,F,U1_39,
U1,7/9/16,Aedes albopictus,F,U1_40,
U1,7/9/16,Aedes albopictus,F,U1_41,
U1,7/9/16,Aedes albopictus,F,U1_42,
U1,7/9/16,Aedes albopictus,F,U1_43,
U1,7/9/16,Aedes albopictus,F,U1_44,
U1,7/9/16,Aedes albopictus,F,U1_45,
U1,7/9/16,Aedes albopictus,F,U1_46,
U1,7/9/16,Aedes albopictus,F,U1_47,
U1,7/9/16,Aedes albopictus,F,U1_48,
U1,7/9/16,Aedes albopictus,F,U1_49,
U1,7/9/16,Culex erraticus,F,NA,
U1,7/9/16,Culex quinquefaciatus,F,NA,
U1,7/9/16,Aedes albopictus,M,NA,no body 
U1,7/9/16,Aedes albopictus,M,NA,
U1,7/9/16,Aedes albopictus,M,NA,
U1,7/9/16,Aedes albopictus,M,NA,
U1,7/9/16,Aedes albopictus,M,NA,no body 
U1,7/9/16,Aedes albopictus,M,NA,no head; looked at abdomen
U1,7/9/16,Aedes albopictus,M,NA,
U1,7/9/16,Aedes albopictus,M,NA,
U1,7/9/16,Aedes albopictus,M,NA,
U1,7/9/16,Aedes albopictus,M,NA,
U1,7/9/16,Aedes albopictus,M,NA,
U1,7/9/16,Aedes albopictus,M,NA,
U1,7/9/16,Aedes albopictus,M,NA,
U1,7/9/16,Aedes albopictus,M,NA,
U1,7/9/16,Aedes albopictus,M,NA,
U1,7/9/16,Aedes albopictus,M,NA,
U1,7/9/16,Aedes albopictus,M,NA,
U1,7/9/16,Aedes albopictus,M,NA,
U1,7/9/16,Aedes albopictus,F,U1_50,only one wing; very damaged body 
U1,7/9/16,Aedes albopictus,F,U1_51,very damaged body
U1,7/9/16,Aedes albopictus,F,U1_52,
U1,7/9/16,Aedes albopictus,F,U1_53,
U1,7/9/16,Aedes albopictus,F,U1_54,
U1,7/9/16,Aedes albopictus,F,U1_55,
U1,7/9/16,Aedes albopictus,F,U1_56,
U1,7/9/16,Aedes albopictus,F,U1_57,
U1,7/9/16,Aedes albopictus,NA,NA,head and end of abdomen damaged
S2,6/9/16,Aedes albopictus ,F,S2_1,
S2,6/9/16,Aedes albopictus ,M,NA,
S2,6/9/16,Aedes albopictus ,M,NA,
S2,6/9/16,Aedes albopictus ,F,S2_2,
S2,6/9/16,Aedes albopictus ,F,S2_3,
S2,6/9/16,Aedes albopictus ,F,S2_4,
S2,6/22/16,Aedes albopictus ,M,NA,
S2,6/22/16,Aedes albopictus ,M,NA,
S2,6/22/16,Aedes albopictus ,M,NA,
S2,6/22/16,Aedes albopictus ,F,S2_5,
S2,6/22/16,Aedes albopictus ,F,S2_6,both wings have damaged tips (still mounted)
S2,6/22/16,Aedes albopictus ,F,S2_7,
S2,6/22/16,Aedes albopictus ,F,S2_8,hollowed out
S2,6/22/16,Aedes albopictus ,F,S2_9,
S2,6/22/16,Aedes albopictus ,F,S2_10,both wings damaged (still mounted)
S2,6/22/16,Aedes albopictus ,F,S2_11,
S2,6/22/16,Aedes albopictus ,F,S2_12,
S2,6/22/16,Aedes albopictus ,F,S2_13,good distinct white stripe 
S2,6/22/16,Aedes albopictus ,F,S2_14,
S2,6/22/16,Aedes albopictus ,F,S2_15,both wings damaged (still mounted)
S2,6/22/16,Aedes albopictus ,M,NA,
S2,6/22/16,Aedes albopictus ,M,NA,
S2,6/22/16,Aedes albopictus ,M,NA,
S2,6/22/16,Culex spp.,F,NA,scutum too destroyed to identify
S2,6/22/16,Aedes albopictus ,F,S2_16,both wings damaged (still mounted)
S2,6/22/16,Aedes albopictus ,F,S2_17,
S2,6/22/16,Aedes albopictus ,F,S2_18,
S2,6/22/16,Aedes albopictus ,F,S2_19,
S2,6/22/16,Aedes albopictus ,F,S2_20,both wings damaged (still mounted)
S2,6/22/16,Aedes albopictus ,F,S2_21,both wings damaged (still mounted)
S2,6/22/16,Aedes albopictus ,F,S2_22,
S2,6/22/16,Aedes albopictus ,F,S2_23,
S2,7/7/16,Aedes albopictus ,M,NA,
S2,7/7/16,Aedes albopictus ,M,NA,
S2,7/7/16,Aedes albopictus ,F,S2_24,
S2,7/7/16,Aedes albopictus ,F,NA,both wings damaged
S2,7/7/16,Aedes albopictus ,F,S2_25,
S2,7/7/16,Aedes albopictus ,F,S2_26,
S2,7/7/16,Aedes albopictus ,F,S2_27,
S2,7/7/16,Aedes albopictus ,F,S2_28,
S2,7/7/16,Aedes albopictus ,F,NA,both wings damaged
S2,7/7/16,Aedes albopictus ,F,S2_29,
S2,7/7/16,Aedes albopictus ,F,S2_30,
S2,7/7/16,Aedes albopictus ,F,NA,both wings damaged
S2,7/7/16,Aedes albopictus ,M,NA,
S2,7/7/16,Aedes albopictus ,M,NA,
S2,7/7/16,Aedes albopictus ,M,NA,
S2,7/7/16,Aedes albopictus ,F,S2_31,wing tip damaged; still mounted
S2,7/7/16,Aedes albopictus ,F,S2_32,
S2,7/7/16,Aedes albopictus ,F,S2_33,
S2,7/7/16,Aedes albopictus ,M,NA,
S2,7/7/16,Aedes albopictus ,M,NA,
S2,7/7/16,Aedes albopictus ,F,S2_34,
S2,7/7/16,Aedes albopictus ,F,S2_35,
S2,7/7/16,Aedes albopictus ,F,S2_36,
S2,7/7/16,Aedes albopictus ,F,S2_37,
S2,7/7/16,Aedes albopictus ,F,NA,both wings damaged
S2,7/15/16,Aedes albopictus ,M,NA,
S2,7/15/16,Aedes albopictus ,M,NA,
S2,7/15/16,Aedes albopictus ,M,NA,
S2,7/15/16,Aedes albopictus ,M,NA,
S2,7/15/16,Aedes albopictus ,M,NA,
S2,7/15/16,Aedes albopictus ,M,NA,
S2,7/15/16,Aedes albopictus ,M,NA,
S2,7/15/16,Aedes albopictus ,M,NA,
S2,7/15/16,Aedes albopictus ,M,NA,
S2,7/15/16,Aedes albopictus ,M,NA,
S2,7/15/16,Aedes albopictus ,M,NA,
S2,7/15/16,Aedes albopictus ,M,NA,
S2,7/15/16,Aedes albopictus ,M,NA,
S2,7/15/16,Aedes albopictus ,M,NA,
S2,7/15/16,Aedes albopictus ,M,NA,
S2,7/15/16,Aedes albopictus ,M,NA,
S2,7/15/16,Aedes albopictus ,M,NA,
S2,7/15/16,Aedes albopictus ,M,NA,
S2,7/15/16,Aedes albopictus ,M,NA,
S2,7/15/16,Aedes albopictus ,M,NA,
S2,7/15/16,Aedes albopictus ,M,NA,
S2,7/15/16,Aedes albopictus ,M,NA,
S2,7/15/16,Aedes albopictus ,M,NA,
S2,7/15/16,Aedes albopictus ,M,NA,
S2,7/15/16,Aedes albopictus ,F,S2_38,
S2,7/15/16,Aedes albopictus ,F,S2_39,
S2,7/15/16,Aedes albopictus ,F,S2_40,
S2,7/15/16,Aedes albopictus ,F,S2_41,
S2,7/15/16,Aedes albopictus ,F,S2_42,
S2,7/15/16,Aedes albopictus ,F,S2_43,
S2,7/15/16,Aedes albopictus ,F,S2_44,
S2,7/15/16,Aedes albopictus ,F,S2_45,
S2,7/15/16,Aedes albopictus ,F,S2_46,
S2,7/15/16,Aedes albopictus ,F,S2_47,
S2,7/15/16,Aedes albopictus ,F,S2_48,
S2,7/15/16,Aedes albopictus ,F,S2_49,
S2,7/15/16,Aedes albopictus ,F,S2_50,
S2,7/15/16,Aedes albopictus ,F,S2_51,
S2,7/15/16,Aedes albopictus ,F,S2_52,
S2,7/15/16,Aedes albopictus ,F,S2_53,
S2,7/15/16,Aedes albopictus ,F,S2_54,
S2,7/15/16,Aedes albopictus ,F,S2_55,
S2,7/15/16,Culex quinquefaciatus,F,NA,
R1,6/11/16,Aedes albopictus ,F ,R1_1,
R1,6/11/16,Aedes albopictus ,F ,R1_2,
R1,6/11/16,Aedes albopictus ,F ,R1_3,
R1,6/11/16,Aedes albopictus ,M,NA,
R1,6/11/16,Aedes albopictus ,F ,R1_4,
R1,6/11/16,Aedes albopictus ,F ,R1_5,
R1,6/11/16,Aedes albopictus ,F ,R1_6,
R1,6/11/16,Aedes albopictus ,F ,R1_7,
R1,6/11/16,Aedes albopictus ,F ,R1_8,
R1,6/11/16,Aedes albopictus ,F ,R1_9,
R1,6/11/16,Aedes albopictus ,F ,R1_10,
R1,6/11/16,Aedes albopictus ,F ,R1_11,
R1,6/11/16,Aedes albopictus ,M,NA,
R1,6/11/16,Aedes albopictus ,M,NA,
R1,6/11/16,Aedes albopictus ,M,NA,
R1,6/24/16,Aedes albopictus ,F ,R1_12,
R1,6/24/16,Culex spp.,M,NA,
R1,7/1/16,Aedes spp.,NA,NA,missing head; damaged 
R1,7/9/16,Aedes albopictus ,M,NA,
R1,7/9/16,Aedes albopictus ,M,NA,no body
R1,7/9/16,Aedes albopictus ,M,NA,
R1,7/9/16,Aedes albopictus ,M,NA,
R1,7/9/16,Aedes albopictus ,M,NA,
R1,7/9/16,Aedes albopictus ,M,NA,
R1,7/9/16,Aedes albopictus ,M,NA,
R1,7/9/16,Aedes albopictus ,F,R1_13,
R1,7/9/16,Aedes albopictus ,F,R1_14,spider web on it 
R1,7/15/16,Aedes albopictus ,F,R1_15,
R1,7/15/16,Aedes albopictus ,F,R1_16,
R1,7/15/16,Aedes albopictus ,F,R1_17,
U2,6/9/16,Aedes albopictus ,F,U2_1,
U2,6/9/16,Aedes albopictus ,F,U2_2,
U2,6/9/16,Culex spp.,M,NA,damaged 
U2,6/22/16,Aedes albopictus ,M,NA,
U2,6/22/16,Aedes albopictus ,M,NA,
U2,6/22/16,Aedes albopictus ,M,NA,
U2,6/22/16,Aedes albopictus ,M,NA,
U2,6/22/16,Aedes albopictus ,M,NA,
U2,6/22/16,Aedes albopictus ,F,U2_3,
U2,6/22/16,Aedes albopictus ,F,U2_4,
U2,6/22/16,Aedes albopictus ,M,NA,
U2,6/22/16,Aedes albopictus ,M,NA,
U2,6/22/16,Aedes albopictus ,M,NA,
U2,6/22/16,Aedes albopictus ,M,NA,
U2,6/22/16,Aedes albopictus ,M,NA,
U2,6/22/16,Aedes albopictus ,M,NA,
U2,6/22/16,Aedes albopictus ,M,NA,
U2,6/22/16,Aedes albopictus ,M,NA,
U2,6/22/16,Aedes albopictus ,M,NA,
U2,6/22/16,Aedes albopictus ,M,NA,
U2,6/22/16,Aedes albopictus ,F,U2_5,both wings slightly damaged
U2,6/22/16,Aedes albopictus ,F,U2_6,
U2,6/22/16,Aedes albopictus ,M,NA,
U2,6/22/16,Aedes albopictus ,M,NA,
U2,6/22/16,Aedes albopictus ,M,NA,
U2,6/22/16,Aedes albopictus ,M,NA,
U2,6/22/16,Aedes albopictus ,M,NA,
U2,6/22/16,Aedes albopictus ,M,NA,
U2,6/22/16,Aedes albopictus ,M,NA,
U2,6/22/16,Aedes albopictus ,M,NA,
U2,6/22/16,Aedes albopictus ,M,NA,
U2,6/22/16,Aedes albopictus ,M,NA,
U2,6/22/16,Aedes albopictus ,M,NA,
U2,6/22/16,Aedes albopictus ,F,U2_7,
U2,6/22/16,Aedes albopictus ,M,NA,
U2,6/22/16,Aedes albopictus ,M,NA,
U2,7/7/16,Aedes albopictus ,M,NA,
U2,7/7/16,Aedes albopictus ,M,NA,
U2,7/7/16,Aedes albopictus ,M,NA,
U2,7/7/16,Aedes albopictus ,M,NA,
U2,7/7/16,Aedes albopictus ,M,NA,
U2,7/7/16,Aedes albopictus ,M,NA,
U2,7/7/16,Aedes albopictus ,M,NA,
U2,7/15/16,Aedes albopictus ,M,NA,
U2,7/15/16,Aedes albopictus ,M,NA,
U2,7/15/16,Aedes albopictus ,M,NA,
U2,7/15/16,Aedes albopictus ,M,NA,
U2,7/15/16,Aedes albopictus ,M,NA,
U2,7/15/16,Aedes albopictus ,M,NA,
U2,7/15/16,Aedes albopictus ,M,NA,
U2,7/15/16,Aedes albopictus ,F,U2_8,
U2,7/15/16,Aedes albopictus ,F,U2_9,
U2,7/15/16,Aedes albopictus ,F,U2_10,
U2,7/15/16,Aedes albopictus ,F,U2_11,
U2,7/15/16,Aedes albopictus ,F,U2_12,
U2,7/15/16,Aedes albopictus ,F,U2_13,
S3,6/11/16,Aedes albopictus ,M,NA,
S3,6/24/16,Aedes albopictus ,F,S3_1,
S3,6/24/16,Aedes albopictus ,M,NA,
S3,6/24/16,Aedes albopictus ,M,NA,
S3,6/24/16,Aedes albopictus ,M,NA,
S3,6/24/16,Aedes albopictus ,M,NA,
S3,6/24/16,Aedes albopictus ,M,NA,
S3,6/24/16,Aedes albopictus ,M,NA,
S3,6/24/16,Aedes albopictus ,M,NA,
S3,6/24/16,Aedes albopictus ,M,NA,
S3,6/24/16,Aedes albopictus ,F,NA,both wings damaged (not mounted)
S3,6/24/16,Aedes albopictus ,M,NA,
S3,6/24/16,Aedes albopictus ,M,NA,
S3,6/24/16,Aedes albopictus ,M,NA,
S3,6/24/16,Aedes albopictus ,M,NA,
S3,6/24/16,Aedes albopictus ,F,S3_2,
S3,6/24/16,Aedes albopictus ,M,NA,
S3,6/24/16,Aedes albopictus ,M,NA,
S3,6/24/16,Culex spp.,M,NA,
S3,6/24/16,Aedes albopictus ,M,NA,
S3,6/24/16,Aedes albopictus ,M,NA,
S3,6/24/16,Aedes albopictus ,F,S3_3,
S3,6/24/16,Aedes albopictus ,M,NA,
S3,6/24/16,Aedes albopictus ,M,NA,
S3,6/24/16,Aedes albopictus ,F,S3_4,slight wing damage
S3,6/24/16,Aedes albopictus ,M,NA,
S3,6/24/16,Aedes albopictus ,M,NA,
S3,6/24/16,Aedes albopictus ,M,NA,
S3,6/24/16,Aedes albopictus ,M,NA,
S3,6/24/16,Aedes albopictus ,M,NA,
S3,7/1/16,Aedes albopictus ,M,NA,
S3,7/1/16,Aedes albopictus ,F,S3_5,
S3,7/1/16,Aedes albopictus ,M,NA,
S3,7/1/16,Aedes albopictus ,M,NA,
S3,7/1/16,Aedes albopictus ,F,S3_6,
S3,7/1/16,Aedes albopictus ,M,NA,
S3,7/1/16,Aedes albopictus ,M,NA,
S3,7/9/16,Aedes albopictus ,M,NA,
S3,7/9/16,Aedes albopictus ,M,NA,
S3,7/9/16,Aedes albopictus ,M,NA,
S3,7/9/16,Aedes albopictus ,F,S3_7,
S3,7/9/16,Aedes albopictus ,F,S3_8,
S3,7/15/16,Aedes albopictus ,M,NA,
S3,7/15/16,Aedes albopictus ,M,NA,
S3,7/15/16,Aedes albopictus ,M,NA,
S3,7/15/16,Aedes albopictus ,F,S3_9,
S3,7/15/16,Aedes albopictus ,F,S3_10,
S3,7/15/16,Aedes albopictus ,F,S3_11,
S3,7/15/16,Aedes albopictus ,F,S3_12,
S3,7/15/16,Aedes albopictus ,F,S3_13,
S3,7/15/16,Aedes albopictus ,F,S3_14,
S3,7/15/16,Aedes albopictus ,F,S3_15,
R3,6/11/16,Aedes albopictus,F,R3_1,
R3,6/11/16,Aedes albopictus,M,NA,
R3,6/24/16,Culex quinquefaciatus,F,NA,
R3,6/24/16,Aedes triceriatus,F,NA,possible eggs?
R3,6/24/16,Aedes albopictus,M,NA,
R3,6/24/16,Culex spp. ,F,NA,destroyed 
R3,7/1/16,Aedes albopictus,F,R3_2,damaged wings; still mounted 
R3,7/1/16,Aedes pseudopunctipennis,F,NA,
R3,7/1/16,Culex quinquefaciatus,F,NA,
R3,7/1/16,Anopheles smaragdinus,F,NA,had two ticks on it!
R3,7/9/16,Culex spp. ,M,NA,abdomen too dried/flat/hollowed
R3,7/14/16,Aedes albopictus,F,R3_3,
R3,7/14/16,Aedes albopictus,F,R3_4,
R3,7/14/16,Aedes albopictus,M,NA,
R3,7/14/16,Aedes albopictus,M,NA,
R3,7/14/16,Aedes albopictus,M,NA,
S1,7/27/16,Aedes albopictus,M,NA,
S1,7/27/16,Aedes albopictus,M,NA,
S1,7/27/16,Aedes albopictus,M,NA,
S1,7/27/16,Aedes albopictus,M,NA,
S1,7/27/16,Aedes albopictus,M,NA,
S1,7/27/16,Aedes albopictus,M,NA,
S1,7/27/16,Aedes albopictus,M,NA,
S1,7/27/16,Aedes albopictus,M,NA,
S1,7/27/16,Aedes albopictus,M,NA,
S1,7/27/16,Aedes albopictus,M,NA,
S1,7/27/16,Aedes albopictus,M,NA,
S1,7/27/16,Aedes albopictus,M,NA,
S1,7/27/16,Aedes albopictus,M,NA,
S1,7/27/16,Aedes albopictus,M,NA,
S1,7/27/16,Aedes albopictus,M,NA,
S1,7/27/16,Aedes albopictus,M,NA,
S1,7/27/16,Aedes albopictus,F,S1_X1,
S1,7/27/16,Aedes albopictus,F,S1_X2,
S1,7/27/16,Aedes albopictus,F,S1_X3,
S1,7/27/16,Aedes albopictus,F,S1_X4,
S2,7/27/16,Unidentifiable,NA,NA,could not identify
S2,7/27/16,Aedes albopictus,M,NA,
S2,7/27/16,Aedes albopictus,M,NA,
S2,7/27/16,Toxorhynchites sp.,F,NA,
S2,7/27/16,Aedes albopictus,F,S2_X1,
S2,7/27/16,Aedes albopictus,F,S2_X2,
S2,7/27/16,Aedes albopictus,F,S2_X3,
S2,7/27/16,Aedes albopictus,F,S2_X4,
S2,7/27/16,Aedes albopictus,F,S2_X5,
S2,7/27/16,Aedes albopictus,F,S2_X6,
S2,7/27/16,Aedes albopictus,F,S2_X7,
R2,7/27/16,Aedes albopictus,F,NA,no wing
R2,7/27/16,Aedes albopictus,M,NA,
R2,7/27/16,Aedes albopictus,M,NA,
R2,7/27/16,Aedes albopictus,M,NA,
R2,7/27/16,Aedes albopictus,M,NA,
R2,7/27/16,Aedes albopictus,F,R2_X1,
R2,7/27/16,Aedes albopictus,F,R2_X2,
R2,7/27/16,Aedes albopictus,F,R2_X3,
R2,7/27/16,Aedes albopictus,F,R2_X4,
R2,7/27/16,Aedes albopictus,F,R2_X5,
R2,7/27/16,Aedes albopictus,F,R2_X6,
R2,7/27/16,Aedes albopictus,F,R2_X7,
R3,7/27/16,Culex quinquefaciatus,M,NA,
R3,7/27/16,Aedes albopictus,F,R3_X1,
U1,7/29/16,Aedes albopictus,M,NA,
U1,7/29/16,Aedes albopictus,M,NA,
U1,7/29/16,Aedes albopictus,M,NA,
U1,7/29/16,Aedes albopictus,M,NA,
U1,7/29/16,Aedes albopictus,M,NA,
U1,7/29/16,Aedes albopictus,M,NA,
U1,7/29/16,Aedes albopictus,M,NA,
U1,7/29/16,Aedes albopictus,M,NA,
U1,7/29/16,Aedes albopictus,M,NA,
U1,7/29/16,Aedes albopictus,M,NA,
U1,7/29/16,Aedes albopictus,M,NA,
U1,7/29/16,Aedes albopictus,M,NA,
U1,7/29/16,Aedes albopictus,M,NA,
U1,7/29/16,Aedes albopictus,M,NA,
U1,7/29/16,Aedes albopictus,M,NA,
U1,7/29/16,Aedes albopictus,M,NA,
U1,7/29/16,Aedes albopictus,M,NA,
U1,7/29/16,Aedes albopictus,M,NA,
U1,7/29/16,Aedes albopictus,M,NA,
U1,7/29/16,Aedes albopictus,M,NA,
U1,7/29/16,Aedes albopictus,M,NA,
U1,7/29/16,Aedes albopictus,M,NA,
U1,7/29/16,Aedes albopictus,F,U1_X1,
U1,7/29/16,Aedes albopictus,F,U1_X2,
U1,7/29/16,Aedes albopictus,F,U1_X3,
U1,7/29/16,Aedes albopictus,F,U1_X4,
U1,7/29/16,Aedes albopictus,F,U1_X5,
U1,7/29/16,Aedes albopictus,F,U1_X6,
U1,7/29/16,Aedes albopictus,F,U1_X7,
U1,7/29/16,Aedes albopictus,F,U1_X8,
U1,7/29/16,Aedes albopictus,F,U1_X9,
U1,7/29/16,Aedes albopictus,F,U1_X10,
U1,7/29/16,Aedes albopictus,F,U1_X11,
U1,7/29/16,Aedes albopictus,F,U1_X12,
U1,7/29/16,Aedes albopictus,F,U1_X13,
U1,7/29/16,Aedes albopictus,F,NA,
U1,7/29/16,Aedes albopictus,F,NA,
U1,7/29/16,Aedes albopictus,F,NA,
U1,7/29/16,Aedes albopictus,F,NA,
U1,7/29/16,Aedes albopictus,F,NA,
U1,7/29/16,Aedes albopictus,F,NA,
U1,7/29/16,Aedes albopictus,F,NA,
U1,7/29/16,Aedes albopictus,F,NA,
U2,7/29/16,Aedes albopictus,M,NA,
U2,7/29/16,Aedes albopictus,M,NA,
U2,7/29/16,Aedes albopictus,M,NA,
U2,7/29/16,Aedes albopictus,M,NA,
U2,7/29/16,Aedes albopictus,M,NA,
U2,7/29/16,Aedes albopictus,M,NA,
U2,7/29/16,Aedes albopictus,M,NA,
U2,7/29/16,Aedes albopictus,M,NA,
U2,7/29/16,Aedes albopictus,F,U2_X1,
U2,7/29/16,Aedes albopictus,F,U2_X2,
U2,7/29/16,Aedes albopictus,F,U2_X3,
U2,7/29/16,Aedes albopictus,F,U2_X4,
U2,7/29/16,Aedes albopictus,F,U2_X5,
U1,8/10/16,Aedes albopictus,M,NA,
U1,8/10/16,Aedes albopictus,M,NA,
U1,8/10/16,Aedes albopictus,M,NA,
U1,8/10/16,Aedes albopictus,M,NA,
U1,8/10/16,Aedes albopictus,M,NA,
U1,8/10/16,Aedes albopictus,M,NA,
U1,8/10/16,Aedes albopictus,M,NA,
U1,8/10/16,Aedes albopictus,M,NA,
U1,8/10/16,Aedes albopictus,M,NA,
U1,8/10/16,Aedes albopictus,M,NA,
U1,8/10/16,Aedes albopictus,M,NA,
U1,8/10/16,Aedes albopictus,M,NA,
U1,8/10/16,Aedes albopictus,M,NA,
U1,8/10/16,Aedes albopictus,M,NA,
U1,8/10/16,Aedes albopictus,M,NA,
U1,8/10/16,Aedes albopictus,M,NA,
U1,8/10/16,Aedes albopictus,M,NA,
U1,8/10/16,Aedes albopictus,M,NA,
U1,8/10/16,Aedes albopictus,M,NA,
U1,8/10/16,Aedes albopictus,M,NA,
U1,8/10/16,Aedes albopictus,M,NA,
U1,8/10/16,Aedes albopictus,M,NA,
U1,8/10/16,Aedes albopictus,M,NA,
U1,8/10/16,Aedes albopictus,M,NA,
U1,8/10/16,Aedes albopictus,F,U1_X14,
U1,8/10/16,Aedes albopictus,F,U1_X15,
U1,8/10/16,Aedes albopictus,F,U1_X16,
U1,8/10/16,Aedes albopictus,F,U1_X17,
U1,8/10/16,Aedes albopictus,F,U1_X18,
U1,8/10/16,Aedes albopictus,F,U1_X19,
U1,8/10/16,Aedes albopictus,F,U1_X20,
U1,8/10/16,Aedes albopictus,F,U1_X21,
U1,8/10/16,Aedes albopictus,F,U1_X22,
U1,8/10/16,Aedes albopictus,F,U1_X23,
U1,8/10/16,Aedes albopictus,F,U1_X24,
U1,8/10/16,Aedes albopictus,F,U1_X25,
U1,8/10/16,Aedes albopictus,F,U1_X26,
U1,8/10/16,Aedes albopictus,F,U1_X27,
U1,8/10/16,Aedes albopictus,F,U1_X28,
U1,8/10/16,Aedes albopictus,F,U1_X29,
U1,8/10/16,Aedes albopictus,F,U1_X30,
U1,8/10/16,Aedes albopictus,F,U1_X31,
U1,8/10/16,Aedes albopictus,F,U1_X32,
U1,8/10/16,Aedes albopictus,F,NA,
U1,8/10/16,Aedes albopictus,F,NA,
U1,8/10/16,Aedes albopictus,F,NA,
U1,8/10/16,Aedes albopictus,F,NA,
U1,8/10/16,Aedes albopictus,F,NA,
U1,8/10/16,Aedes albopictus,F,NA,
U1,8/10/16,Aedes albopictus,F,NA,
U1,8/10/16,Aedes albopictus,F,NA,
U1,8/10/16,Aedes albopictus,F,NA,
U1,8/10/16,Aedes albopictus,F,NA,
U1,8/10/16,Aedes albopictus,F,NA,
U1,8/10/16,Aedes albopictus,F,NA,
U1,8/10/16,Aedes albopictus,F,NA,
U1,8/10/16,Aedes albopictus,F,NA,
U1,8/10/16,Aedes albopictus,F,NA,
U1,8/10/16,Aedes albopictus,F,NA,
U1,8/10/16,Aedes albopictus,F,NA,
U1,8/10/16,Aedes albopictus,F,NA,
U1,8/10/16,Aedes albopictus,F,NA,
U1,8/10/16,Aedes albopictus,F,NA,
U1,8/10/16,Aedes albopictus,F,NA,
U1,8/10/16,Aedes albopictus,F,NA,
U1,8/10/16,Aedes albopictus,F,NA,
U1,8/10/16,Aedes albopictus,M,NA,
U1,8/10/16,Aedes albopictus,M,NA,
U1,8/10/16,Aedes albopictus,M,NA,
U1,8/10/16,Aedes albopictus,M,NA,
U1,8/10/16,Aedes albopictus,M,NA,
U1,8/10/16,Aedes albopictus,M,NA,
U1,8/10/16,Aedes albopictus,M,NA,
U1,8/10/16,Aedes albopictus,M,NA,
U1,8/10/16,Aedes albopictus,M,NA,
U1,8/10/16,Aedes albopictus,M,NA,
U1,8/10/16,Aedes albopictus,M,NA,
U1,8/10/16,Aedes albopictus,M,NA,
U1,8/10/16,Aedes albopictus,M,NA,
U1,8/10/16,Aedes albopictus,M,NA,
U1,8/10/16,Aedes albopictus,M,NA,
U1,8/10/16,Aedes albopictus,M,NA,
U1,8/10/16,Aedes albopictus,M,NA,
U1,8/10/16,Aedes albopictus,M,NA,
U1,8/10/16,Aedes albopictus,M,NA,
U1,8/10/16,Aedes albopictus,M,NA,
U1,8/10/16,Aedes albopictus,M,NA,
U1,8/10/16,Aedes albopictus,M,NA,
U1,8/10/16,Aedes albopictus,M,NA,
U1,8/10/16,Aedes albopictus,M,NA,
U1,8/10/16,Aedes albopictus,M,NA,
U1,8/10/16,Aedes albopictus,M,NA,
U1,8/10/16,Aedes albopictus,M,NA,
U1,8/10/16,Aedes albopictus,M,NA,
U1,8/10/16,Aedes albopictus,M,NA,
U1,8/10/16,Aedes albopictus,M,NA,
U1,8/10/16,Aedes albopictus,M,NA,
U1,8/10/16,Aedes albopictus,M,NA,
U1,8/10/16,Aedes albopictus,M,NA,
U1,8/10/16,Aedes albopictus,M,NA,
U1,8/10/16,Aedes albopictus,M,NA,
U1,8/10/16,Aedes albopictus,M,NA,
U1,8/10/16,Aedes albopictus,M,NA,
U1,8/10/16,Aedes albopictus,M,NA,
U1,8/10/16,Aedes albopictus,M,NA,
U1,8/10/16,Aedes albopictus,M,NA,
U1,8/10/16,Aedes albopictus,M,NA,
U1,8/10/16,Aedes albopictus,M,NA,
U1,8/10/16,Aedes albopictus,M,NA,
U1,8/10/16,Aedes albopictus,M,NA,
U1,8/10/16,Aedes albopictus,M,NA,
U1,8/10/16,Aedes albopictus,M,NA,
U1,8/10/16,Aedes albopictus,M,NA,
U1,8/10/16,Aedes albopictus,M,NA,
U1,8/10/16,Aedes albopictus,M,NA,
U1,8/10/16,Aedes albopictus,M,NA,
U1,8/10/16,Aedes albopictus,M,NA,
U1,8/10/16,Aedes albopictus,M,NA,
U1,8/10/16,Aedes albopictus,M,NA,
U1,8/10/16,Aedes albopictus,M,NA,
U1,8/10/16,Aedes albopictus,M,NA,
U1,8/10/16,Aedes albopictus,M,NA,
U1,8/10/16,Aedes albopictus,M,NA,
U1,8/10/16,Aedes albopictus,M,NA,
U1,8/10/16,Aedes albopictus,M,NA,
U1,8/10/16,Aedes albopictus,M,NA,
U1,8/10/16,Aedes albopictus,M,NA,
U1,8/10/16,Aedes albopictus,M,NA,
U1,8/10/16,Aedes albopictus,M,NA,
U1,8/10/16,Aedes albopictus,M,NA,
U1,8/10/16,Aedes albopictus,M,NA,
U1,8/10/16,Aedes albopictus,M,NA,
U1,8/10/16,Aedes albopictus,M,NA,
U1,8/10/16,Aedes albopictus,M,NA,
U1,8/10/16,Aedes albopictus,M,NA,
U1,8/10/16,Aedes albopictus,M,NA,
U1,8/10/16,Aedes albopictus,M,NA,
U1,8/10/16,Aedes albopictus,M,NA,
U1,8/10/16,Aedes albopictus,M,NA,
U1,8/10/16,Aedes albopictus,M,NA,
U1,8/10/16,Aedes albopictus,M,NA,
U1,8/10/16,Aedes albopictus,M,NA,
U1,8/10/16,Aedes albopictus,M,NA,
U1,8/10/16,Aedes albopictus,M,NA,
U1,8/10/16,Aedes albopictus,M,NA,
U1,8/10/16,Aedes albopictus,M,NA,
U1,8/10/16,Aedes albopictus,M,NA,
U1,8/10/16,Aedes albopictus,M,NA,
U1,8/10/16,Aedes albopictus,M,NA,
U1,8/10/16,Aedes albopictus,M,NA,
U1,8/10/16,Aedes albopictus,M,NA,
U1,8/10/16,Aedes albopictus,M,NA,
U1,8/10/16,Aedes albopictus,M,NA,
U1,8/10/16,Aedes albopictus,M,NA,
U1,8/10/16,Aedes albopictus,M,NA,
U1,8/10/16,Aedes albopictus,M,NA,
U1,8/10/16,Aedes albopictus,M,NA,
U1,8/10/16,Aedes albopictus,M,NA,
R3,8/10/16,Aedes albopictus,F,R3_X2,
R3,8/10/16,Aedes albopictus,M,NA,
R3,8/10/16,Aedes albopictus,M,NA,
R3,8/10/16,Aedes albopictus,M,NA,
S3,7/29/16,Aedes albopictus,M,NA,
S3,7/29/16,Aedes albopictus,M,NA,
S3,7/29/16,Aedes albopictus,M,NA,
S3,7/29/16,Aedes albopictus,M,NA,
S3,7/29/16,Aedes albopictus,M,NA,
S3,7/29/16,Aedes albopictus,M,NA,
S3,7/29/16,Aedes albopictus,M,NA,
S3,7/29/16,Aedes albopictus,M,NA,
S3,7/29/16,Aedes albopictus,M,NA,
S3,7/29/16,Aedes albopictus,M,NA,
S3,7/29/16,Aedes albopictus,M,NA,
S3,7/29/16,Aedes albopictus,M,NA,
S3,7/29/16,Aedes albopictus,M,NA,
S3,7/29/16,Aedes albopictus,M,NA,
S3,7/29/16,Aedes albopictus,F,S3_X1,
S3,7/29/16,Aedes albopictus,F,S3_X2,
S3,7/29/16,Aedes albopictus,F,S3_X3,
S3,7/29/16,Aedes albopictus,F,S3_X4,
S3,7/29/16,Aedes albopictus,F,S3_X5,
S3,7/29/16,Aedes albopictus,F,S3_X6,
S3,7/29/16,Aedes albopictus,F,S3_X7,
S3,7/29/16,Aedes albopictus,F,S3_X8,
S3,7/29/16,Aedes albopictus,F,S3_X9,bloodfed
S3,7/29/16,Aedes albopictus,F,S3_X10,
S3,7/29/16,Aedes albopictus,F,S3_X11,
S3,7/29/16,Aedes albopictus,F,S3_X12,
S3,7/29/16,Aedes albopictus,F,S3_X13,
S3,7/29/16,Aedes albopictus,F,S3_X14,
S3,7/29/16,Aedes albopictus,F,S3_X15,
S3,7/29/16,Aedes albopictus,F,S3_X16,
S2,8/12/16,Toxorhynchites sp.,F,NA,
S2,8/12/16,Toxorhynchites sp.,F,NA,
S2,8/12/16,Aedes albopictus,M,NA,
S2,8/12/16,Aedes albopictus,M,NA,
S2,8/12/16,Aedes albopictus,F,S2_X8,
S2,8/12/16,Aedes albopictus,F,S2_X9,
S2,8/12/16,Aedes albopictus,F,S2_X10,
S2,8/12/16,Aedes albopictus,F,S2_X11,
S2,8/12/16,Aedes albopictus,F,S2_X12,
S2,8/12/16,Aedes albopictus,F,S2_X13,
S2,8/12/16,Aedes albopictus,F,S2_X14,
R1,7/29/16,Aedes albopictus,F,R1_X1,
S1,8/10/16,Culex quinquefasciatus,F,NA,
S1,8/10/16,Aedes albopictus,M,NA,
S1,8/10/16,Aedes albopictus,M,NA,
S1,8/10/16,Aedes albopictus,M,NA,
S1,8/10/16,Aedes albopictus,M,NA,
S1,8/10/16,Aedes albopictus,M,NA,
S1,8/10/16,Aedes albopictus,M,NA,
S1,8/10/16,Aedes albopictus,M,NA,
S1,8/10/16,Aedes albopictus,M,NA,
S1,8/10/16,Aedes albopictus,M,NA,
S1,8/10/16,Aedes albopictus,M,NA,
S1,8/10/16,Aedes albopictus,M,NA,
S1,8/10/16,Aedes albopictus,M,NA,
S1,8/10/16,Aedes albopictus,M,NA,
S1,8/10/16,Aedes albopictus,M,NA,
S1,8/10/16,Aedes albopictus,F,S1_X5,
S1,8/10/16,Aedes albopictus,F,S1_X6,
S1,8/10/16,Aedes albopictus,F,S1_X7,
S1,8/10/16,Aedes albopictus,F,S1_X8,
S1,8/10/16,Aedes albopictus,F,S1_X9,
S1,8/10/16,Aedes albopictus,F,S1_X10,
S1,8/10/16,Aedes albopictus,F,S1_X11,
S1,8/10/16,Aedes albopictus,F,S1_X12,
S1,8/10/16,Aedes albopictus,F,S1_X13,
U1,7/29/16,Culex quinquefasciatus,M,NA,
U1,7/29/16,Aedes albopictus,M,NA,
U1,7/29/16,Aedes albopictus,M,NA,
U1,7/29/16,Aedes albopictus,M,NA,
U1,7/29/16,Aedes albopictus,M,NA,
U1,7/29/16,Aedes albopictus,M,NA,
U1,7/29/16,Aedes albopictus,M,NA,
U1,7/29/16,Aedes albopictus,M,NA,
U1,7/29/16,Aedes albopictus,M,NA,
U1,7/29/16,Aedes albopictus,M,NA,
U1,7/29/16,Aedes albopictus,M,NA,
U1,7/29/16,Aedes albopictus,M,NA,
U1,7/29/16,Aedes albopictus,M,NA,
U1,7/29/16,Aedes albopictus,M,NA,
U1,7/29/16,Aedes albopictus,M,NA,
U1,7/29/16,Aedes albopictus,M,NA,
U1,7/29/16,Aedes albopictus,M,NA,
U1,7/29/16,Aedes albopictus,M,NA,
U1,7/29/16,Aedes albopictus,M,NA,
U1,7/29/16,Aedes albopictus,M,NA,
U1,7/29/16,Aedes albopictus,M,NA,
U1,7/29/16,Aedes albopictus,F,U1_X33,
U1,7/29/16,Aedes albopictus,F,U1_X34,
U1,7/29/16,Aedes albopictus,F,U1_X35,
U1,7/29/16,Aedes albopictus,F,U1_X36,
U1,7/29/16,Aedes albopictus,F,U1_X37,
U1,7/29/16,Aedes albopictus,F,U1_X38,
U1,7/29/16,Aedes albopictus,F,U1_X39,
U1,7/29/16,Aedes albopictus,F,NA,
U1,7/29/16,Aedes albopictus,F,NA,
U1,7/29/16,Aedes albopictus,F,NA,
U1,7/29/16,Aedes albopictus,F,NA,
U1,7/29/16,Aedes albopictus,F,NA,
U1,7/29/16,Aedes albopictus,F,NA,
U1,7/29/16,Aedes albopictus,F,NA,
U1,7/29/16,Aedes albopictus,F,NA,
U1,7/29/16,Aedes albopictus,F,NA,
U1,7/29/16,Aedes albopictus,F,NA,
U1,7/29/16,Aedes albopictus,F,NA,
U1,7/29/16,Aedes albopictus,F,NA,
U1,7/29/16,Aedes albopictus,F,NA,
U1,7/29/16,Aedes albopictus,F,NA,
U1,7/29/16,Aedes albopictus,F,NA,
U1,7/29/16,Aedes albopictus,F,NA,
U1,7/9/16,Wyeomeia mitchelli,F,NA,may already be recorded
S3,7/15/16,Toxorhynchites sp.,F,NA,may already be recorded
U2,8/12/16,Aedes albopictus,M,NA,
U2,8/12/16,Aedes albopictus,M,NA,
U2,8/12/16,Aedes albopictus,M,NA,
U2,8/12/16,Aedes albopictus,M,NA,
U2,8/12/16,Aedes albopictus,M,NA,
U2,8/12/16,Aedes albopictus,M,NA,
U2,8/12/16,Aedes albopictus,M,NA,
U2,8/12/16,Aedes albopictus,M,NA,
U2,8/12/16,Aedes albopictus,M,NA,
U2,8/12/16,Aedes albopictus,M,NA,
U2,8/12/16,Aedes albopictus,M,NA,
U2,8/12/16,Aedes albopictus,M,NA,
U2,8/12/16,Aedes albopictus,M,NA,
U2,8/12/16,Aedes albopictus,M,NA,
U2,8/12/16,Aedes albopictus,M,NA,
U2,8/12/16,Aedes albopictus,M,NA,
U2,8/12/16,Aedes albopictus,M,NA,
U2,8/12/16,Aedes albopictus,M,NA,
U2,8/12/16,Aedes albopictus,M,NA,
U2,8/12/16,Aedes albopictus,M,NA,
U2,8/12/16,Aedes albopictus,M,NA,
U2,8/12/16,Aedes albopictus,M,NA,
U2,8/12/16,Aedes albopictus,M,NA,
U2,8/12/16,Aedes albopictus,M,NA,
U2,8/12/16,Aedes albopictus,M,NA,
U2,8/12/16,Aedes albopictus,M,NA,
U2,8/12/16,Aedes albopictus,M,NA,
U2,8/12/16,Aedes albopictus,M,NA,
U2,8/12/16,Aedes albopictus,F,U2_X6,
U2,8/12/16,Aedes albopictus,F,U2_X7,
U2,8/12/16,Aedes albopictus,F,U2_X8,
U2,8/12/16,Aedes albopictus,F,U2_X9,
U2,8/12/16,Aedes albopictus,F,U2_X10,
U2,8/12/16,Aedes albopictus,F,U2_X11,
U2,8/12/16,Aedes albopictus,F,U2_X12,
R2,8/24/16,Aedes albopictus,F,R2_X8,
R2,8/24/16,Aedes albopictus,F,R2_X9,
R2,8/24/16,Aedes albopictus,F,R2_X10,
R2,8/24/16,Aedes albopictus,F,R2_X11,
R2,8/24/16,Aedes albopictus,F,R2_X12,
R2,8/24/16,Aedes albopictus,F,R2_X13,
R2,8/24/16,Aedes albopictus,F,R2_X14,
R2,8/24/16,Aedes albopictus,F,R2_X15,
R2,8/24/16,Aedes albopictus,F,R2_X16,
R2,8/24/16,Aedes albopictus,F,R2_X17,
R2,8/24/16,Aedes albopictus,F,R2_X18,
R2,8/24/16,Aedes albopictus,F,R2_X19,
R2,8/24/16,Aedes albopictus,F,R2_X20,
R2,8/24/16,Aedes albopictus,F,R2_X21,
R2,8/24/16,Aedes albopictus,F,R2_X22,
R2,8/24/16,Aedes albopictus,F,NA,
R2,8/24/16,Aedes albopictus,F,NA,
R2,8/24/16,Aedes albopictus,F,NA,
R2,8/24/16,Aedes albopictus,F,NA,
R2,8/24/16,Aedes albopictus,F,NA,
R2,8/24/16,Aedes albopictus,F,NA,
R2,8/24/16,Aedes albopictus,F,NA,
R2,8/24/16,Aedes albopictus,F,NA,
R2,8/24/16,Aedes albopictus,F,NA,
R2,8/24/16,Aedes albopictus,M,NA,
R2,8/24/16,Aedes albopictus,M,NA,
R2,8/24/16,Aedes albopictus,M,NA,
R2,8/24/16,Aedes albopictus,M,NA,
R1,8/12/16,Aedes triseriatus,F,NA,
R1,8/12/16,Culex quinquefasciatus,F,NA,
R1,8/12/16,Aedes albopictus,M,NA,
R1,8/12/16,Aedes albopictus,M,NA,
R1,8/12/16,Aedes albopictus,M,NA,
R1,8/12/16,Aedes albopictus,M,NA,
R1,8/12/16,Aedes albopictus,F,R1_X2,
R1,8/12/16,Aedes albopictus,F,R1_X3,
R1,8/12/16,Aedes albopictus,F,R1_X4,
R1,8/12/16,Aedes albopictus,F,R1_X5,
R1,8/12/16,Aedes albopictus,F,R1_X6,
R1,8/12/16,Aedes albopictus,F,R1_X7,
R1,8/12/16,Aedes albopictus,F,R1_X8,
R1,8/12/16,Aedes albopictus,F,R1_X9,
R1,8/12/16,Aedes albopictus,F,R1_X10,
S3,8/12/16,Aedes albopictus,M,NA,
S3,8/12/16,Aedes albopictus,M,NA,
S3,8/12/16,Aedes albopictus,M,NA,
S3,8/12/16,Aedes albopictus,M,NA,
S3,8/12/16,Aedes albopictus,M,NA,
S3,8/12/16,Aedes albopictus,M,NA,
S3,8/12/16,Aedes albopictus,M,NA,
S3,8/12/16,Aedes albopictus,M,NA,
S3,8/12/16,Aedes albopictus,M,NA,
S3,8/12/16,Aedes albopictus,M,NA,
S3,8/12/16,Aedes albopictus,M,NA,
S3,8/12/16,Aedes albopictus,M,NA,
S3,8/12/16,Aedes albopictus,M,NA,
S3,8/12/16,Aedes albopictus,M,NA,
S3,8/12/16,Aedes albopictus,M,NA,
S3,8/12/16,Aedes albopictus,F,S3_X16,
S3,8/12/16,Aedes albopictus,F,S3_X17,
S3,8/12/16,Aedes albopictus,F,S3_X18,
S3,8/12/16,Aedes albopictus,F,S3_X19,
S3,8/12/16,Aedes albopictus,F,S3_X20,
S3,8/12/16,Aedes albopictus,F,S3_X21,
S3,8/12/16,Aedes albopictus,F,NA,
S3,8/12/16,Aedes albopictus,F,NA,
S1,8/24/16,Aedes albopictus,F,S1_X14,
S1,8/24/16,Aedes albopictus,F,S1_X15,
S1,8/24/16,Aedes albopictus,M,NA,
S1,8/24/16,Aedes albopictus,M,NA,
S1,8/24/16,Aedes albopictus,M,NA,
S1,8/24/16,Aedes albopictus,M,NA,
S1,8/24/16,Aedes albopictus,M,NA,
S1,8/24/16,Aedes albopictus,M,NA,
S1,8/24/16,Aedes albopictus,M,NA,
S2,8/24/16,Aedes triseriatus,F,NA,
S2,8/24/16,Aedes albopictus,M,NA,
S2,8/24/16,Aedes albopictus,M,NA,
S2,8/24/16,Aedes albopictus,M,NA,
S2,8/24/16,Aedes albopictus,M,NA,
S2,8/24/16,Aedes albopictus,M,NA,
S2,8/24/16,Aedes albopictus,M,NA,
S2,8/24/16,Aedes albopictus,M,NA,
S2,8/24/16,Aedes albopictus,M,NA,
S2,8/24/16,Aedes albopictus,M,NA,
S2,8/24/16,Aedes albopictus,M,NA,
S2,8/24/16,Aedes albopictus,M,NA,
S2,8/24/16,Aedes albopictus,M,NA,
S2,8/24/16,Aedes albopictus,M,NA,
S2,8/24/16,Aedes albopictus,M,NA,
S2,8/24/16,Aedes albopictus,F,S2_X15,
S2,8/24/16,Aedes albopictus,F,S2_X16,
S2,8/24/16,Aedes albopictus,F,S2_X17,
S2,8/24/16,Aedes albopictus,F,NA,
S2,8/24/16,Aedes albopictus,F,S2_X19,
S2,8/24/16,Aedes albopictus,F,S2_X20,
S2,8/24/16,Aedes albopictus,F,S2_X21,
S2,8/24/16,Aedes albopictus,F,S2_X22,
S2,8/24/16,Aedes albopictus,F,S2_X23,
S2,8/24/16,Aedes albopictus,F,S2_X24,
S2,8/24/16,Aedes albopictus,F,S2_X25,
S2,8/24/16,Aedes albopictus,F,S2_X26,
S2,8/24/16,Aedes albopictus,F,S2_X27,
S2,8/24/16,Aedes albopictus,F,S2_X28,
S2,8/24/16,Aedes albopictus,F,S2_X29,
S2,8/24/16,Aedes albopictus,F,S2_X30,
S2,8/24/16,Aedes albopictus,F,S2_X31,
S2,8/24/16,Aedes albopictus,F,S2_X32,
S2,8/24/16,Aedes albopictus,F,S2_X33,
S2,8/24/16,Aedes albopictus,F,S2_X34,
S2,8/24/16,Aedes albopictus,F,S2_X35,
S2,8/24/16,Aedes albopictus,F,NA,
S2,8/24/16,Aedes albopictus,F,NA,
S2,8/24/16,Aedes albopictus,F,NA,
S2,8/24/16,Aedes albopictus,F,NA,
S2,8/24/16,Aedes albopictus,F,NA,
U2,8/24/16,Aedes albopictus,M,NA,
U2,8/24/16,Aedes albopictus,M,NA,
U2,8/24/16,Aedes albopictus,M,NA,
U2,8/24/16,Aedes albopictus,F,U2-X13,
U2,8/24/16,Aedes albopictus,F,U2-X14,
U2,8/24/16,Aedes albopictus,F,U2-X15,
U2,8/24/16,Aedes albopictus,F,U2-X16,
U2,8/24/16,Aedes albopictus,F,U2-X17,
R3,8/24/16,Aedes albopictus,M,NA,
R3,8/24/16,Aedes albopictus,M,NA,
R3,8/24/16,Aedes albopictus,F,R3_X3,
R3,8/24/16,Aedes albopictus,F,R3_X4,
R3,8/24/16,Aedes albopictus,F,R3_X5,
U1,8/24/2016,Culex quinquefasciatus,F,NA,
U1,8/24/2016,Aedes albopictus,F,U1_X40,
U1,8/24/2016,Aedes albopictus,F,U1_X41,
U1,8/24/2016,Aedes albopictus,F,U1_X42,
U1,8/24/2016,Aedes albopictus,F,U1_X43,
U1,8/24/2016,Aedes albopictus,F,U1_X44,
U1,8/24/2016,Aedes albopictus,F,U1_X45,
U1,8/24/2016,Aedes albopictus,F,U1_X46,
U1,8/24/2016,Aedes albopictus,F,U1_X47,
U1,8/24/2016,Aedes albopictus,F,U1_X48,
U1,8/24/2016,Aedes albopictus,F,U1_X49,
U1,8/24/2016,Aedes albopictus,F,U1_X50,
U1,8/24/2016,Aedes albopictus,F,U1_X51,
U1,8/24/2016,Aedes albopictus,F,U1_X52,
U1,8/24/2016,Aedes albopictus,F,U1_X53,
U1,8/24/2016,Aedes albopictus,F,U1_X54,
U1,8/24/2016,Aedes albopictus,F,U1_X55,
U1,8/24/2016,Aedes albopictus,F,U1_X56,
U1,8/24/2016,Aedes albopictus,F,U1_X57,
U1,8/24/2016,Aedes albopictus,F,U1_X58,
U1,8/24/2016,Aedes albopictus,F,U1_X59,
U1,8/24/2016,Aedes albopictus,F,U1_X60,
U1,8/24/2016,Aedes albopictus,F,NA,bloodfed
U1,8/24/2016,Aedes albopictus,F,NA,bloodfed
U1,8/24/2016,Aedes albopictus,F,NA,
U1,8/24/2016,Aedes albopictus,F,NA,
U1,8/24/2016,Aedes albopictus,F,NA,
U1,8/24/2016,Aedes albopictus,F,NA,
U1,8/24/2016,Aedes albopictus,F,NA,
U1,8/24/2016,Aedes albopictus,F,NA,
U1,8/24/2016,Aedes albopictus,F,NA,
U1,8/24/2016,Aedes albopictus,F,NA,
U1,8/24/2016,Aedes albopictus,F,NA,
U1,8/24/2016,Aedes albopictus,F,NA,
U1,8/24/2016,Aedes albopictus,F,NA,
U1,8/24/2016,Aedes albopictus,F,NA,
U1,8/24/2016,Aedes albopictus,F,NA,
U1,8/24/2016,Aedes albopictus,F,NA,
U1,8/24/2016,Aedes albopictus,F,NA,
U1,8/24/2016,Aedes albopictus,F,NA,
U1,8/24/2016,Aedes albopictus,F,NA,
U1,8/24/2016,Aedes albopictus,F,NA,
U1,8/24/2016,Aedes albopictus,F,NA,
U1,8/24/2016,Aedes albopictus,F,NA,
U1,8/24/2016,Aedes albopictus,F,NA,
U1,8/24/2016,Aedes albopictus,F,NA,
U1,8/24/2016,Aedes albopictus,F,NA,
U1,8/24/2016,Aedes albopictus,F,NA,
U1,8/24/2016,Aedes albopictus,F,NA,
U1,8/24/2016,Aedes albopictus,F,NA,
U1,8/24/2016,Aedes albopictus,F,NA,
U1,8/24/2016,Aedes albopictus,F,NA,
U1,8/24/2016,Aedes albopictus,F,NA,
U1,8/24/2016,Aedes albopictus,F,NA,
U1,8/24/2016,Aedes albopictus,F,NA,
U1,8/24/2016,Aedes albopictus,F,NA,
U1,8/24/2016,Aedes albopictus,F,NA,
U1,8/24/2016,Aedes albopictus,F,NA,
U1,8/24/2016,Aedes albopictus,F,NA,
U1,8/24/2016,Aedes albopictus,F,NA,
U1,8/24/2016,Aedes albopictus,F,NA,
U1,8/24/2016,Aedes albopictus,F,NA,
U1,8/24/2016,Aedes albopictus,F,NA,
U1,8/24/2016,Aedes albopictus,F,NA,
U1,8/24/2016,Aedes albopictus,F,NA,
U1,8/24/2016,Aedes albopictus,F,NA,
U1,8/24/2016,Aedes albopictus,F,NA,
U1,8/24/2016,Aedes albopictus,F,NA,
U1,8/24/2016,Aedes albopictus,F,NA,
U1,8/24/2016,Aedes albopictus,F,NA,
U1,8/24/2016,Aedes albopictus,F,NA,
U1,8/24/2016,Aedes albopictus,F,NA,
U1,8/24/2016,Aedes albopictus,F,NA,
U1,8/24/2016,Aedes albopictus,F,NA,
U1,8/24/2016,Aedes albopictus,F,NA,
U1,8/24/2016,Aedes albopictus,F,NA,
U1,8/24/2016,Aedes albopictus,F,NA,
U1,8/24/2016,Aedes albopictus,F,NA,
U1,8/24/2016,Aedes albopictus,F,NA,
U1,8/24/2016,Aedes albopictus,F,NA,
U1,8/24/2016,Aedes albopictus,F,NA,
U1,8/24/2016,Aedes albopictus,M,NA,
U1,8/24/2016,Aedes albopictus,M,NA,
U1,8/24/2016,Aedes albopictus,M,NA,
U1,8/24/2016,Aedes albopictus,M,NA,
U1,8/24/2016,Aedes albopictus,M,NA,
U1,8/24/2016,Aedes albopictus,M,NA,
U1,8/24/2016,Aedes albopictus,M,NA,
U1,8/24/2016,Aedes albopictus,M,NA,
U1,8/24/2016,Aedes albopictus,M,NA,
U1,8/24/2016,Aedes albopictus,M,NA,
U1,8/24/2016,Aedes albopictus,M,NA,
U1,8/24/2016,Aedes albopictus,M,NA,
U1,8/24/2016,Aedes albopictus,M,NA,
U1,8/24/2016,Aedes albopictus,M,NA,
U1,8/24/2016,Aedes albopictus,M,NA,
U1,8/24/2016,Aedes albopictus,M,NA,
U1,8/24/2016,Aedes albopictus,M,NA,
U1,8/24/2016,Aedes albopictus,M,NA,
U1,8/24/2016,Aedes albopictus,M,NA,
U1,8/24/2016,Aedes albopictus,M,NA,
U1,8/24/2016,Aedes albopictus,M,NA,
U1,8/24/2016,Aedes albopictus,M,NA,
U1,8/24/2016,Aedes albopictus,M,NA,
U1,8/24/2016,Aedes albopictus,M,NA,
U1,8/24/2016,Aedes albopictus,M,NA,
U1,8/24/2016,Aedes albopictus,M,NA,
U1,8/24/2016,Aedes albopictus,M,NA,
U1,8/24/2016,Aedes albopictus,M,NA,
U1,8/24/2016,Aedes albopictus,M,NA,
U1,8/24/2016,Aedes albopictus,M,NA,
U1,8/24/2016,Aedes albopictus,M,NA,
U1,8/24/2016,Aedes albopictus,M,NA,
U1,8/24/2016,Aedes albopictus,M,NA,
U1,8/24/2016,Aedes albopictus,M,NA,
U1,8/24/2016,Aedes albopictus,M,NA,
U1,8/24/2016,Aedes albopictus,M,NA,
U1,8/24/2016,Aedes albopictus,M,NA,
U1,8/24/2016,Aedes albopictus,M,NA,
U1,8/24/2016,Aedes albopictus,M,NA,
U1,8/24/2016,Aedes albopictus,M,NA,
U1,8/24/2016,Aedes albopictus,M,NA,
U1,8/24/2016,Aedes albopictus,M,NA,
U1,8/24/2016,Aedes albopictus,M,NA,
U1,8/24/2016,Aedes albopictus,M,NA,
U1,8/24/2016,Aedes albopictus,M,NA,
U1,8/24/2016,Aedes albopictus,M,NA,
U1,8/24/2016,Aedes albopictus,M,NA,
U1,8/24/2016,Aedes albopictus,M,NA,
U1,8/24/2016,Aedes albopictus,M,NA,
U1,8/24/2016,Aedes albopictus,M,NA,
U1,8/24/2016,Aedes albopictus,M,NA,
U1,8/24/2016,Aedes albopictus,M,NA,
U1,8/24/2016,Aedes albopictus,M,NA,
U1,8/24/2016,Aedes albopictus,M,NA,
U1,8/24/2016,Aedes albopictus,M,NA,
U1,8/24/2016,Aedes albopictus,M,NA,
U1,8/24/2016,Aedes albopictus,M,NA,
U1,8/24/2016,Aedes albopictus,M,NA,
U1,8/24/2016,Aedes albopictus,M,NA,
U1,8/24/2016,Aedes albopictus,M,NA,
U1,8/24/2016,Aedes albopictus,M,NA,
U1,8/24/2016,Aedes albopictus,M,NA,
U1,8/24/2016,Aedes albopictus,M,NA,
U1,8/24/2016,Aedes albopictus,M,NA,
U1,8/24/2016,Aedes albopictus,M,NA,
U1,8/24/2016,Aedes albopictus,M,NA,
U1,8/24/2016,Aedes albopictus,M,NA,
U1,8/24/2016,Aedes albopictus,M,NA,
U1,8/24/2016,Aedes albopictus,M,NA,
U1,8/24/2016,Aedes albopictus,M,NA,
U1,8/24/2016,Aedes albopictus,M,NA,
U1,8/24/2016,Aedes albopictus,M,NA,
U1,8/24/2016,Aedes albopictus,M,NA,
U1,8/24/2016,Aedes albopictus,M,NA,
U1,8/24/2016,Aedes albopictus,M,NA,
U1,8/24/2016,Aedes albopictus,M,NA,
U1,8/24/2016,Aedes albopictus,M,NA,
U1,8/24/2016,Aedes albopictus,M,NA,
U1,8/24/2016,Aedes albopictus,M,NA,
U1,8/24/2016,Aedes albopictus,M,NA,
U1,8/24/2016,Aedes albopictus,M,NA,
U1,8/24/2016,Aedes albopictus,M,NA,
U1,8/24/2016,Aedes albopictus,M,NA,
U1,8/24/2016,Aedes albopictus,M,NA,
U1,8/24/2016,Aedes albopictus,M,NA,
U1,8/24/2016,Aedes albopictus,M,NA,
U1,8/24/2016,Aedes albopictus,M,NA,
U1,8/24/2016,Aedes albopictus,M,NA,
U1,8/24/2016,Aedes albopictus,M,NA,
U1,8/24/2016,Aedes albopictus,M,NA,
U1,8/24/2016,Aedes albopictus,M,NA,
U1,8/24/2016,Aedes albopictus,M,NA,
U1,8/24/2016,Aedes albopictus,M,NA,
U1,8/24/2016,Aedes albopictus,M,NA,
U1,8/24/2016,Aedes albopictus,M,NA,
U1,8/24/2016,Aedes albopictus,M,NA,
U1,8/24/2016,Aedes albopictus,M,NA,
U1,8/24/2016,Aedes albopictus,M,NA,
U1,8/24/2016,Aedes albopictus,M,NA,
U1,8/24/2016,Aedes albopictus,M,NA,
U1,8/24/2016,Aedes albopictus,M,NA,
U1,8/24/2016,Aedes albopictus,M,NA,
U1,8/24/2016,Aedes albopictus,M,NA,
U1,8/24/2016,Aedes albopictus,M,NA,
U1,8/24/2016,Aedes albopictus,M,NA,
U1,8/24/2016,Aedes albopictus,M,NA,
U1,8/24/2016,Aedes albopictus,M,NA,
U1,8/24/2016,Aedes albopictus,M,NA,
U1,8/24/2016,Aedes albopictus,M,NA,
U1,8/24/2016,Aedes albopictus,M,NA,
U1,8/24/2016,Aedes albopictus,M,NA,
U1,8/24/2016,Aedes albopictus,M,NA,
U1,8/24/2016,Aedes albopictus,M,NA,
U1,8/24/2016,Aedes albopictus,M,NA,
U1,8/24/2016,Aedes albopictus,M,NA,
U1,8/24/2016,Aedes albopictus,M,NA,
U1,8/24/2016,Aedes albopictus,M,NA,
U1,8/24/2016,Aedes albopictus,M,NA,
U1,8/24/2016,Aedes albopictus,M,NA,
U1,8/24/2016,Aedes albopictus,M,NA,
U1,8/24/2016,Aedes albopictus,M,NA,
U1,8/24/2016,Aedes albopictus,M,NA,
U1,8/24/2016,Aedes albopictus,M,NA,
U1,8/24/2016,Aedes albopictus,M,NA,
U1,8/24/2016,Aedes albopictus,M,NA,
U1,8/24/2016,Aedes albopictus,M,NA,
U1,8/24/2016,Aedes albopictus,M,NA,
U1,8/24/2016,Aedes albopictus,M,NA,
U1,8/24/2016,Aedes albopictus,M,NA,
U1,8/24/2016,Aedes albopictus,M,NA,
U1,8/24/2016,Aedes albopictus,M,NA,
U1,8/24/2016,Aedes albopictus,M,NA,
U1,8/24/2016,Aedes albopictus,M,NA,
U1,8/24/2016,Aedes albopictus,M,NA,
U1,8/24/2016,Aedes albopictus,M,NA,
U1,8/24/2016,Aedes albopictus,M,NA,
U1,8/24/2016,Aedes albopictus,M,NA,
U1,8/24/2016,Aedes albopictus,M,NA,
U1,8/24/2016,Aedes albopictus,M,NA,
U1,8/24/2016,Aedes albopictus,M,NA,
U1,8/24/2016,Aedes albopictus,M,NA,
U1,8/24/2016,Aedes albopictus,M,NA,
U1,8/24/2016,Aedes albopictus,M,NA,
U1,8/24/2016,Aedes albopictus,M,NA,
U1,8/24/2016,Aedes albopictus,M,NA,
U1,8/24/2016,Aedes albopictus,M,NA,
U1,8/24/2016,Aedes albopictus,M,NA,
S1,9/7/16,Aedes albopictus,M,NA,
S1,9/7/16,Aedes albopictus,F,S1_X16,
S1,9/7/16,Aedes albopictus,F,S1_X17,
S1,9/7/16,Aedes albopictus,F,S1_X18,
S1,9/7/16,Aedes albopictus,F,S1_X19,
S1,9/7/16,Aedes albopictus,F,S1_X20,
S3,9/7/16,Aedes albopictus,M,NA,
S3,9/7/16,Aedes albopictus,M,NA,
S3,9/7/16,Aedes albopictus,M,NA,
S3,9/7/16,Aedes albopictus,M,NA,
S3,9/7/16,Aedes albopictus,M,NA,
S3,9/7/16,Aedes albopictus,F,S3_X22,
S3,9/7/16,Aedes albopictus,F,S3_X23,
S3,9/7/16,Aedes albopictus,F,S3_X24,
S3,9/7/16,Aedes albopictus,F,S3_X25,
S3,9/7/16,Aedes albopictus,F,S3_X26,
S3,9/7/16,Aedes albopictus,F,S3_X27,
S3,9/7/16,Aedes albopictus,F,S3_X28,
S3,9/7/16,Aedes albopictus,F,S3_X29,
S3,9/7/16,Aedes albopictus,F,S3_X30,
S2,9/7/16,Aedes albopictus,M,NA,
S2,9/7/16,Aedes albopictus,M,NA,
S2,9/7/16,Aedes albopictus,M,NA,
S2,9/7/16,Aedes albopictus,M,NA,
S2,9/7/16,Aedes albopictus,M,NA,
S2,9/7/16,Anopheles punctipennis,F,NA,
S2,9/7/16,Culex quinquefasciatus,F,NA,
S2,9/7/16,Aedes triseriatus,F,NA,
S2,9/7/16,Aedes albopictus,F,S2_X36,
S2,9/7/16,Aedes albopictus,F,S2_X37,
S2,9/7/16,Aedes albopictus,F,S2_X38,
S2,9/7/16,Aedes albopictus,F,S2_X39,
S2,9/7/16,Aedes albopictus,F,S2_X40,
S2,9/7/16,Aedes albopictus,F,S2_X41,
S2,9/7/16,Aedes albopictus,F,S2_X42,
S2,9/7/16,Aedes albopictus,F,S2_X43,
S2,9/7/16,Aedes albopictus,F,S2_X44,
S2,9/7/16,Aedes albopictus,F,S2_X45,
S2,9/7/16,Aedes albopictus,F,S2_X46,
S2,9/7/16,Aedes albopictus,F,S2_X47,
S2,9/7/16,Aedes albopictus,F,S2_X48,
S2,9/7/16,Aedes albopictus,F,S2_X49,
S2,9/7/16,Aedes albopictus,F,S2_X50,
S2,9/7/16,Aedes albopictus,F,S2_X51,
S2,9/7/16,Aedes albopictus,F,S2_X52,
S2,9/7/16,Aedes albopictus,F,S2_X53,
S2,9/7/16,Aedes albopictus,F,S2_X54,
S2,9/7/16,Aedes albopictus,F,S2_X55,
S2,9/7/16,Aedes albopictus,F,NA,
S2,9/7/16,Aedes albopictus,F,NA,
S2,9/7/16,Aedes albopictus,F,NA,
S2,9/7/16,Aedes albopictus,F,NA,
U2,9/7/16,Aedes albopictus,M,NA,
U2,9/7/16,Aedes albopictus,F,U2_X18,
U2,9/7/16,Aedes albopictus,F,U2_X19,
U2,9/7/16,Aedes albopictus,F,U2_X20,
R1,9/7/16,Aedes albopictus,F,R1_X11,
R1,9/7/16,Aedes albopictus,F,R1_X12,
R1,9/21/16,Aedes albopictus,F,R1_X13,
R1,9/21/16,Aedes albopictus,F,R1_X14,
U2,9/21/16,Aedes albopictus,M,NA,
U2,9/21/16,Aedes albopictus,M,NA,
U2,9/21/16,Aedes albopictus,F,U2_X21,
U2,9/21/16,Aedes albopictus,F,U2_X22,
U2,9/21/16,Aedes albopictus,F,U2_X23,
U2,9/21/16,Aedes albopictus,F,U2_X24,
U2,9/21/16,Aedes vexans,F,NA,
U1,9/7/16,Culex quinquefasciatus,M,NA,
U1,9/7/16,Aedes albopictus,M,NA,
U1,9/7/16,Aedes albopictus,M,NA,
U1,9/7/16,Aedes albopictus,M,NA,
U1,9/7/16,Aedes albopictus,M,NA,
U1,9/7/16,Aedes albopictus,M,NA,
U1,9/7/16,Aedes albopictus,M,NA,
U1,9/7/16,Aedes albopictus,M,NA,
U1,9/7/16,Aedes albopictus,M,NA,
U1,9/7/16,Aedes albopictus,M,NA,
U1,9/7/16,Aedes albopictus,M,NA,
U1,9/7/16,Aedes albopictus,M,NA,
U1,9/7/16,Aedes albopictus,M,NA,
U1,9/7/16,Aedes albopictus,F,U1_X61,
U1,9/7/16,Aedes albopictus,F,U1_X62,
U1,9/7/16,Aedes albopictus,F,U1_X63,
U1,9/7/16,Aedes albopictus,F,U1_X64,
U1,9/7/16,Aedes albopictus,F,U1_X65,
U1,9/7/16,Aedes albopictus,F,U1_X66,
U1,9/7/16,Aedes albopictus,F,U1_X67,
U1,9/7/16,Aedes albopictus,F,U1_X68,
U1,9/7/16,Aedes albopictus,F,U1_X69,
U1,9/7/16,Aedes albopictus,F,U1_X70,
U1,9/7/16,Aedes albopictus,F,U1_X71,
U1,9/7/16,Aedes albopictus,F,U1_X72,
U1,9/7/16,Aedes albopictus,F,U1_X73,
S1,9/21/16,Aedes albopictus,M,NA,
S1,9/21/16,Aedes albopictus,M,NA,
S1,9/21/16,Aedes albopictus,M,NA,
S1,9/21/16,Aedes albopictus,M,NA,
S1,9/21/16,Aedes albopictus,F,S1_X21,
S1,9/21/16,Aedes albopictus,F,S1_X22,
S1,9/21/16,Aedes albopictus,F,S1_X23,
S1,9/21/16,Aedes albopictus,F,S1_X24,
S1,9/21/16,Aedes albopictus,F,S1_X25,
S1,9/21/16,Aedes albopictus,F,S1_X26,
R3,9/21/16,Culex quinquefasciatus,F,NA,
R3,9/21/16,Culex quinquefasciatus,F,NA,
R3,9/21/16,Culex quinquefasciatus,F,NA,
R3,9/21/16,Culex quinquefasciatus,F,NA,
R3,9/21/16,Culex quinquefasciatus,F,NA,
R3,9/21/16,Culex quinquefasciatus,F,NA,
R3,9/21/16,Culex quinquefasciatus,F,NA,
R3,9/21/16,Culex quinquefasciatus,F,NA,
R3,9/21/16,Culex quinquefasciatus,F,NA,
R3,9/21/16,Culex quinquefasciatus,F,NA,
R3,9/21/16,Culex quinquefasciatus,F,NA,
R3,9/21/16,Culex quinquefasciatus,F,NA,
R3,9/21/16,Culex quinquefasciatus,F,NA,
R3,9/21/16,Culex quinquefasciatus,F,NA,
R3,9/21/16,Culex quinquefasciatus,F,NA,
R3,9/21/16,Aedes albopictus,F,R3_X6,
R3,9/21/16,Aedes albopictus,F,R3_X7,
R3,9/21/16,Aedes albopictus,F,R3_X8,
S2,9/21/16,Aedes albopictus,M,NA,
S2,9/21/16,Aedes albopictus,M,NA,
S2,9/21/16,Aedes albopictus,M,NA,
S2,9/21/16,Aedes albopictus,M,NA,
S2,9/21/16,Aedes albopictus,M,NA,
S2,9/21/16,Aedes albopictus,M,NA,
S2,9/21/16,Aedes albopictus,M,NA,
S2,9/21/16,Aedes albopictus,F,S2_X56,
S2,9/21/16,Aedes albopictus,F,S2_X57,
S2,9/21/16,Aedes albopictus,F,S2_X58,
S2,9/21/16,Aedes albopictus,F,S2_X59,
S2,9/21/16,Aedes albopictus,F,S2_X60,
S2,9/21/16,Aedes albopictus,F,S2_X61,
S2,9/21/16,Aedes albopictus,F,S2_X62,
S2,9/21/16,Aedes albopictus,F,S2_X63,
S2,9/21/16,Aedes albopictus,F,S2_X64,
S2,9/21/16,Aedes albopictus,F,S2_X65,
S2,9/21/16,Aedes albopictus,F,S2_X66,
S2,9/21/16,Aedes albopictus,F,S2_X67,
S2,9/21/16,Aedes albopictus,F,S2_X68,
S2,9/21/16,Aedes albopictus,F,NA,
U1,9/21/16,Aedes albopictus,M,NA,
U1,9/21/16,Aedes albopictus,M,NA,
U1,9/21/16,Aedes albopictus,M,NA,
U1,9/21/16,Aedes albopictus,M,NA,
U1,9/21/16,Aedes albopictus,M,NA,
U1,9/21/16,Aedes albopictus,M,NA,
U1,9/21/16,Culex quinquefasciatus,M,NA,
U1,9/21/16,Aedes albopictus,F,U1_X74,
U1,9/21/16,Aedes albopictus,F,U1_X75,
U1,9/21/16,Aedes albopictus,F,U1_X76,
U1,9/21/16,Aedes albopictus,F,U1_X77,
U1,9/21/16,Aedes albopictus,F,U1_X78,
U1,9/21/16,Aedes albopictus,F,U1_X79,
U1,9/21/16,Aedes albopictus,F,U1_X80,
R3,10/5/16,Aedes albopictus,F,R3_X9,
R3,10/5/16,Aedes albopictus,F,R3_X10,
R3,10/5/16,Aedes albopictus,F,R3_X11,
R3,10/5/16,Aedes albopictus,F,R3_X12,
R3,10/5/16,Aedes albopictus,M,NA,
S3,9/21/16,Aedes albopictus,F,S3_X31,
S3,9/21/16,Aedes albopictus,F,S3_X32,
S3,9/21/16,Aedes albopictus,F,S3_X33,
S3,9/21/16,Aedes albopictus,F,S3_X34,
S3,9/21/16,Aedes albopictus,F,S3_X35,
S2,10/5/16,Aedes albopictus,F,S2_X69,
S2,10/5/16,Aedes albopictus,F,S2_X70,
S2,10/5/16,Aedes albopictus,F,S2_X71,
U1,10/5/16,Culex quinquefasciatus,F,NA,
U1,10/5/16,Aedes albopictus,M,NA,
U1,10/5/16,Aedes albopictus,F,U1_X81,
R2,10/5/16,Aedes albopictus,F,R2_X23,
S1,10/5/16,Aedes albopictus,M,NA,
S1,10/5/16,Aedes albopictus,M,NA,
S1,10/5/16,Aedes albopictus,M,NA,
U2,10/5/16,Aedes albopictus,M,NA,
U2,10/5/16,Aedes albopictus,M,NA,
U2,10/5/16,Aedes albopictus,F,U2_X25,
U2,10/5/16,Aedes albopictus,F,U2_X26,
S2,10/19/16,Aedes albopictus,M,NA,
S2,10/19/16,Aedes albopictus,F,S2_X72,
S3,10/5/16,Aedes albopictus,M,NA,
S3,10/5/16,Aedes albopictus,M,NA,
S3,10/5/16,Aedes albopictus,F,S3_X36,
S3,10/5/16,Aedes albopictus,F,S3_X37,
S1,10/19/16,Aedes albopictus,F,S1_X26,
S1,10/19/16,Aedes albopictus,F,S1_X27,
S1,10/19/16,Culex quinquefasciatus,F,NA,
S3,10/19/16,Aedes albopictus,M,NA,
S3,10/19/16,Aedes albopictus,M,NA,
S3,10/19/16,Aedes albopictus,F,NA,broken wing
U3,10/19/16,Aedes albopictus,F,U3_X10,
U1,10/19/16,Aedes albopictus,F,U1_X82,
U1,10/19/16,Culex quinquefasciatus,F,NA,
U1,10/19/16,Culex quinquefasciatus,F,NA,
U1,10/19/16,Culex quinquefasciatus,F,NA,
U1,10/19/16,Culex quinquefasciatus,F,NA,
U1,10/19/16,Culex quinquefasciatus,F,NA,
U1,10/19/16,Culex quinquefasciatus,M,NA,
U1,10/19/16,Culex quinquefasciatus,M,NA,
R2,10/19/16,Aedes albopictus,F,R2_X24,
R2,10/19/16,Aedes albopictus,F,R2_X25,
R2,10/19/16,Aedes albopictus,F,R2_X26,
R2,10/19/16,Aedes albopictus,F,R2_X27,
R2,10/19/16,Aedes albopictus,F,R2_X28,
R2,10/19/16,Aedes albopictus,F,R2_X29,
R2,10/19/16,Aedes albopictus,F,R2_X30,
R2,10/19/16,Aedes albopictus,F,R2_X31,
U2,10/19/16,Aedes albopictus,M,NA,
U2,10/19/16,Aedes albopictus,M,NA,
U2,10/19/16,Aedes albopictus,M,NA,
U2,10/19/16,Aedes albopictus,F,U2_X27,
R3,11/2/16,Culex quinquefasciatus,F,NA,
R3,11/2/16,Culex quinquefasciatus,F,NA,
R3,11/2/16,Culex quinquefasciatus,F,NA,
R1,11/2/16,Aedes albopictus,F,R1_X15,
S3,11/2/16,Culex quinquefasciatus,F,NA,
R2,11/2/16,Aedes albopictus,F,R2_X32,
U1,11/2/16,Aedes albopictus,F,U1_X83,
U2,11/2/16,Aedes albopictus,M,NA,
U2,11/2/16,Aedes albopictus,M,NA,
U2,11/2/16,Aedes albopictus,M,NA,
U2,11/2/16,Aedes albopictus,M,NA,
U2,11/2/16,Aedes albopictus,F,U2_X28,
U2,11/2/16,Aedes albopictus,F,U2_X29,